{
  "divergence": [
    3.561352491378784,
    6.551905632019043,
    14.310066223144531,
    48.54884719848633
  ],
  "action_id": 27,
  "action_label": "R/N",
  "base_action_id": 0,
  "base_action_label": "S/N",
  "num_steps": 4
}